iter	Logloss
0	0.69198965
1	0.6908930226
2	0.6897428461
3	0.6885918336
4	0.687607826
5	0.68666507
6	0.6855997347
7	0.6844624962
8	0.6835128369
9	0.6826572328
10	0.6817392488
11	0.6809424172
12	0.6799524145
13	0.6791955396
14	0.6783640169
15	0.6775733927
16	0.6767431806
17	0.6761327338
18	0.6754479844
19	0.6745782201
20	0.6737168775
21	0.672979794
22	0.6722065047
23	0.671631747
24	0.6711910863
25	0.6703098402
26	0.6693917526
27	0.6687148174
28	0.6679947065
29	0.6672843556
