iter	CrossEntropy
0	0.6203737813
1	0.6098562881
2	0.605624589
