iter	CrossEntropy
0	0.6353465778
1	0.629642961
